up.side,down.side
chocolate,chocolate
chocolate,chocolate
icing,icing
chocolate,icing
chocolate,chocolate
icing,chocolate
chocolate,icing
icing,icing
chocolate,chocolate
chocolate,chocolate
icing,chocolate
icing,icing
icing,icing
icing,chocolate
icing,chocolate
icing,icing
chocolate,chocolate
icing,chocolate
icing,icing
icing,chocolate
icing,chocolate
chocolate,icing
icing,icing
icing,icing
icing,chocolate
icing,icing
chocolate,chocolate
chocolate,chocolate
icing,icing
chocolate,icing
chocolate,chocolate
icing,icing
chocolate,chocolate
icing,icing
icing,chocolate
icing,chocolate
icing,icing
icing,icing
chocolate,icing
icing,icing
chocolate,icing
icing,chocolate
icing,icing
chocolate,chocolate
chocolate,chocolate
icing,icing
chocolate,chocolate
icing,chocolate
chocolate,chocolate
chocolate,icing
chocolate,icing
chocolate,icing
chocolate,chocolate
icing,chocolate
chocolate,chocolate
icing,icing
icing,icing
icing,icing
icing,icing
chocolate,chocolate
chocolate,chocolate
chocolate,chocolate
chocolate,icing
chocolate,icing
icing,icing
icing,icing
chocolate,chocolate
icing,chocolate
icing,icing
chocolate,chocolate
icing,icing
chocolate,chocolate
icing,chocolate
icing,icing
icing,icing
chocolate,icing
icing,icing
icing,icing
chocolate,chocolate
chocolate,chocolate
chocolate,chocolate
chocolate,chocolate
icing,chocolate
chocolate,chocolate
icing,chocolate
icing,chocolate
icing,chocolate
icing,chocolate
chocolate,chocolate
icing,icing
chocolate,chocolate
chocolate,chocolate
chocolate,chocolate
icing,chocolate
icing,icing
chocolate,chocolate
icing,icing
chocolate,icing
icing,icing
icing,chocolate
icing,icing
chocolate,chocolate
icing,icing
icing,chocolate
chocolate,chocolate
chocolate,chocolate
chocolate,chocolate
icing,icing
chocolate,chocolate
chocolate,chocolate
chocolate,chocolate
icing,icing
icing,icing
chocolate,chocolate
chocolate,chocolate
icing,chocolate
icing,icing
chocolate,icing
icing,icing
chocolate,icing
icing,icing
chocolate,icing
icing,icing
chocolate,chocolate
icing,icing
chocolate,chocolate
chocolate,icing
icing,icing
icing,icing
icing,icing
icing,icing
icing,icing
icing,chocolate
icing,chocolate
chocolate,chocolate
chocolate,chocolate
chocolate,icing
icing,chocolate
icing,icing
chocolate,chocolate
icing,icing
chocolate,chocolate
chocolate,chocolate
icing,chocolate
chocolate,chocolate
chocolate,chocolate
chocolate,chocolate
icing,icing
chocolate,chocolate
icing,icing
icing,chocolate
chocolate,chocolate
icing,icing
chocolate,chocolate
icing,icing
chocolate,chocolate
chocolate,chocolate
chocolate,chocolate
chocolate,icing
icing,icing
chocolate,icing
icing,icing
icing,chocolate
chocolate,chocolate
chocolate,icing
icing,chocolate
chocolate,chocolate
chocolate,chocolate
icing,chocolate
chocolate,chocolate
icing,icing
chocolate,chocolate
chocolate,chocolate
chocolate,chocolate
chocolate,chocolate
icing,chocolate
chocolate,icing
chocolate,chocolate
chocolate,chocolate
icing,icing
chocolate,chocolate
chocolate,icing
icing,icing
icing,icing
chocolate,chocolate
icing,icing
chocolate,icing
icing,icing
icing,chocolate
chocolate,chocolate
icing,icing
icing,icing
chocolate,icing
icing,icing
icing,chocolate
chocolate,chocolate
chocolate,chocolate
icing,chocolate
chocolate,chocolate
icing,icing
icing,icing
icing,chocolate
icing,icing
chocolate,chocolate
icing,icing
chocolate,icing
chocolate,icing
chocolate,icing
chocolate,chocolate
icing,icing
chocolate,chocolate
icing,icing
icing,chocolate
chocolate,chocolate
chocolate,icing
icing,icing
icing,icing
chocolate,chocolate
chocolate,icing
icing,icing
chocolate,chocolate
chocolate,chocolate
icing,icing
icing,icing
icing,icing
chocolate,chocolate
icing,icing
icing,chocolate
chocolate,icing
chocolate,chocolate
chocolate,icing
chocolate,icing
chocolate,icing
chocolate,chocolate
icing,icing
chocolate,icing
chocolate,chocolate
chocolate,chocolate
chocolate,chocolate
chocolate,chocolate
chocolate,chocolate
icing,icing
chocolate,chocolate
chocolate,chocolate
icing,icing
chocolate,chocolate
chocolate,chocolate
chocolate,icing
chocolate,icing
icing,chocolate
icing,icing
chocolate,chocolate
icing,icing
chocolate,icing
chocolate,chocolate
icing,icing
chocolate,chocolate
chocolate,chocolate
icing,chocolate
icing,icing
icing,icing
chocolate,chocolate
icing,icing
chocolate,chocolate
chocolate,icing
icing,icing
icing,icing
icing,icing
chocolate,chocolate
icing,icing
chocolate,chocolate
icing,chocolate
icing,icing
chocolate,chocolate
chocolate,icing
chocolate,icing
chocolate,chocolate
chocolate,chocolate
chocolate,chocolate
icing,chocolate
icing,icing
chocolate,chocolate
chocolate,icing
chocolate,icing
chocolate,chocolate
icing,icing
icing,icing
icing,chocolate
chocolate,chocolate
icing,chocolate
chocolate,icing
icing,chocolate
chocolate,chocolate
chocolate,chocolate
chocolate,chocolate
chocolate,chocolate
chocolate,chocolate
icing,icing
icing,icing
icing,icing
icing,icing
chocolate,chocolate
icing,chocolate
icing,chocolate
chocolate,icing
chocolate,icing
chocolate,icing
icing,icing
icing,icing
chocolate,chocolate
chocolate,chocolate
icing,chocolate
icing,chocolate
chocolate,chocolate
chocolate,chocolate
chocolate,chocolate
icing,icing
chocolate,chocolate
icing,chocolate
chocolate,chocolate
chocolate,icing
chocolate,chocolate
icing,icing
icing,chocolate
icing,chocolate
chocolate,chocolate
chocolate,chocolate
icing,chocolate
chocolate,chocolate
icing,icing
chocolate,icing
chocolate,icing
icing,chocolate
chocolate,chocolate
icing,icing
icing,icing
chocolate,chocolate
chocolate,chocolate
chocolate,chocolate
chocolate,chocolate
chocolate,chocolate
icing,icing
icing,icing
chocolate,chocolate
icing,icing
icing,chocolate
icing,icing
icing,icing
icing,chocolate
icing,icing
icing,icing
chocolate,chocolate
icing,icing
icing,icing
chocolate,chocolate
icing,icing
icing,icing
icing,chocolate
icing,icing
icing,icing
chocolate,chocolate
chocolate,chocolate
icing,icing
icing,chocolate
icing,icing
chocolate,icing
chocolate,icing
chocolate,chocolate
icing,icing
icing,chocolate
icing,icing
icing,chocolate
chocolate,chocolate
chocolate,chocolate
icing,chocolate
chocolate,chocolate
chocolate,chocolate
icing,icing
chocolate,chocolate
icing,chocolate
icing,icing
chocolate,icing
chocolate,icing
chocolate,chocolate
icing,chocolate
chocolate,chocolate
chocolate,chocolate
chocolate,chocolate
chocolate,icing
icing,icing
icing,icing
icing,chocolate
chocolate,chocolate
icing,icing
icing,icing
icing,chocolate
icing,chocolate
chocolate,icing
icing,icing
icing,icing
icing,chocolate
chocolate,icing
chocolate,chocolate
chocolate,chocolate
icing,icing
icing,icing
icing,icing
chocolate,icing
icing,chocolate
icing,icing
icing,chocolate
icing,chocolate
chocolate,icing
chocolate,chocolate
icing,icing
icing,icing
icing,icing
icing,chocolate
icing,icing
chocolate,chocolate
icing,chocolate
chocolate,chocolate
icing,chocolate
chocolate,icing
icing,icing
chocolate,chocolate
icing,icing
chocolate,chocolate
chocolate,chocolate
chocolate,icing
icing,icing
icing,icing
icing,icing
icing,icing
icing,icing
icing,icing
chocolate,chocolate
chocolate,chocolate
chocolate,chocolate
icing,chocolate
icing,chocolate
chocolate,chocolate
chocolate,icing
chocolate,icing
chocolate,chocolate
icing,chocolate
icing,icing
icing,icing
chocolate,icing
icing,chocolate
chocolate,chocolate
icing,icing
chocolate,chocolate
chocolate,icing
chocolate,chocolate
icing,icing
chocolate,chocolate
icing,icing
icing,icing
chocolate,chocolate
chocolate,chocolate
icing,chocolate
icing,icing
icing,icing
icing,icing
icing,icing
icing,icing
icing,icing
chocolate,chocolate
chocolate,chocolate
icing,icing
chocolate,chocolate
chocolate,icing
chocolate,chocolate
icing,icing
chocolate,chocolate
chocolate,chocolate
chocolate,chocolate
icing,icing
icing,icing
chocolate,icing
chocolate,icing
chocolate,icing
chocolate,chocolate
icing,icing
icing,icing
icing,icing
chocolate,icing
icing,icing
icing,icing
chocolate,icing
icing,chocolate
icing,icing
chocolate,icing
chocolate,chocolate
chocolate,chocolate
icing,chocolate
icing,icing
chocolate,icing
icing,icing
chocolate,chocolate
chocolate,chocolate
chocolate,icing
chocolate,chocolate
chocolate,icing
icing,icing
chocolate,icing
chocolate,icing
chocolate,chocolate
icing,icing
icing,chocolate
chocolate,chocolate
chocolate,chocolate
icing,icing
chocolate,chocolate
icing,chocolate
icing,icing
chocolate,chocolate
chocolate,icing
icing,chocolate
icing,chocolate
icing,chocolate
chocolate,icing
chocolate,chocolate
chocolate,chocolate
icing,icing
icing,icing
chocolate,chocolate
chocolate,chocolate
chocolate,icing
chocolate,icing
icing,icing
icing,chocolate
icing,icing
icing,icing
chocolate,icing
chocolate,icing
chocolate,chocolate
chocolate,icing
chocolate,icing
icing,icing
chocolate,chocolate
chocolate,icing
icing,chocolate
chocolate,chocolate
chocolate,icing
chocolate,icing
chocolate,icing
icing,chocolate
chocolate,chocolate
icing,icing
chocolate,icing
icing,icing
icing,chocolate
chocolate,chocolate
icing,chocolate
chocolate,chocolate
chocolate,icing
chocolate,chocolate
icing,icing
chocolate,chocolate
chocolate,chocolate
icing,icing
chocolate,icing
chocolate,icing
icing,icing
icing,icing
icing,icing
chocolate,chocolate
icing,chocolate
icing,chocolate
icing,icing
chocolate,chocolate
chocolate,icing
icing,icing
chocolate,chocolate
chocolate,chocolate
chocolate,chocolate
icing,chocolate
icing,chocolate
icing,icing
chocolate,chocolate
icing,icing
chocolate,icing
icing,icing
icing,icing
chocolate,icing
chocolate,chocolate
chocolate,chocolate
icing,icing
chocolate,chocolate
icing,icing
chocolate,chocolate
icing,icing
icing,icing
icing,icing
icing,icing
icing,chocolate
icing,icing
chocolate,icing
chocolate,chocolate
chocolate,icing
icing,icing
icing,icing
chocolate,icing
chocolate,chocolate
chocolate,chocolate
icing,chocolate
chocolate,icing
icing,chocolate
icing,icing
icing,icing
icing,icing
icing,icing
chocolate,chocolate
chocolate,chocolate
chocolate,chocolate
chocolate,icing
chocolate,icing
icing,chocolate
chocolate,chocolate
icing,icing
chocolate,chocolate
chocolate,icing
chocolate,chocolate
icing,chocolate
icing,icing
chocolate,icing
icing,chocolate
icing,chocolate
icing,icing
chocolate,chocolate
chocolate,chocolate
icing,icing
icing,chocolate
chocolate,icing
icing,icing
icing,icing
chocolate,chocolate
icing,icing
icing,icing
chocolate,chocolate
chocolate,chocolate
chocolate,chocolate
chocolate,icing
icing,chocolate
chocolate,chocolate
icing,icing
icing,icing
chocolate,icing
icing,chocolate
chocolate,chocolate
chocolate,icing
chocolate,icing
icing,icing
icing,icing
chocolate,chocolate
icing,icing
icing,icing
chocolate,chocolate
chocolate,chocolate
chocolate,chocolate
chocolate,chocolate
chocolate,chocolate
chocolate,chocolate
icing,icing
icing,icing
icing,chocolate
chocolate,icing
icing,icing
icing,chocolate
chocolate,icing
icing,icing
icing,chocolate
chocolate,icing
icing,chocolate
icing,icing
icing,icing
chocolate,icing
icing,icing
icing,chocolate
chocolate,chocolate
icing,icing
icing,chocolate
icing,icing
chocolate,chocolate
chocolate,icing
chocolate,icing
icing,icing
icing,icing
icing,chocolate
icing,chocolate
icing,icing
icing,icing
icing,icing
icing,icing
icing,icing
icing,icing
chocolate,chocolate
icing,icing
chocolate,icing
icing,icing
chocolate,icing
chocolate,chocolate
chocolate,chocolate
chocolate,chocolate
icing,icing
icing,icing
chocolate,icing
icing,chocolate
icing,chocolate
icing,icing
chocolate,icing
chocolate,icing
icing,icing
chocolate,chocolate
icing,icing
chocolate,icing
icing,icing
chocolate,chocolate
chocolate,chocolate
icing,icing
icing,icing
icing,icing
icing,chocolate
chocolate,chocolate
chocolate,icing
chocolate,icing
icing,icing
chocolate,chocolate
icing,icing
chocolate,chocolate
icing,chocolate
chocolate,chocolate
icing,icing
chocolate,chocolate
icing,icing
chocolate,chocolate
chocolate,chocolate
chocolate,chocolate
icing,icing
chocolate,chocolate
icing,chocolate
icing,icing
chocolate,icing
icing,chocolate
chocolate,chocolate
chocolate,chocolate
chocolate,chocolate
chocolate,chocolate
icing,chocolate
icing,icing
chocolate,icing
icing,chocolate
chocolate,icing
icing,icing
chocolate,chocolate
icing,icing
chocolate,chocolate
icing,chocolate
icing,icing
chocolate,chocolate
chocolate,chocolate
chocolate,chocolate
icing,chocolate
chocolate,icing
chocolate,chocolate
chocolate,chocolate
icing,chocolate
chocolate,chocolate
icing,icing
chocolate,chocolate
chocolate,chocolate
chocolate,chocolate
icing,icing
chocolate,chocolate
icing,icing
icing,icing
icing,icing
icing,chocolate
chocolate,icing
chocolate,icing
icing,icing
chocolate,chocolate
icing,icing
chocolate,icing
icing,icing
chocolate,icing
icing,icing
chocolate,chocolate
icing,chocolate
icing,icing
icing,icing
chocolate,chocolate
icing,icing
chocolate,icing
chocolate,icing
icing,icing
chocolate,chocolate
icing,chocolate
icing,icing
chocolate,chocolate
chocolate,chocolate
chocolate,icing
chocolate,icing
icing,icing
icing,icing
icing,icing
chocolate,chocolate
chocolate,chocolate
chocolate,icing
chocolate,chocolate
icing,icing
icing,icing
icing,icing
icing,icing
icing,chocolate
chocolate,icing
icing,icing
chocolate,chocolate
chocolate,chocolate
icing,icing
chocolate,chocolate
chocolate,chocolate
chocolate,chocolate
chocolate,chocolate
icing,icing
icing,icing
icing,icing
chocolate,chocolate
icing,icing
chocolate,chocolate
chocolate,chocolate
chocolate,icing
chocolate,icing
chocolate,icing
icing,chocolate
icing,chocolate
chocolate,chocolate
icing,chocolate
icing,chocolate
chocolate,chocolate
chocolate,chocolate
chocolate,chocolate
chocolate,chocolate
icing,icing
chocolate,chocolate
chocolate,chocolate
icing,icing
chocolate,icing
icing,icing
chocolate,icing
chocolate,chocolate
chocolate,icing
chocolate,chocolate
icing,icing
chocolate,chocolate
icing,icing
chocolate,chocolate
chocolate,icing
chocolate,chocolate
icing,chocolate
chocolate,chocolate
icing,chocolate
icing,chocolate
chocolate,icing
icing,icing
chocolate,chocolate
chocolate,chocolate
icing,chocolate
chocolate,icing
chocolate,icing
chocolate,chocolate
icing,chocolate
chocolate,chocolate
icing,icing
chocolate,chocolate
icing,chocolate
chocolate,icing
chocolate,chocolate
icing,icing
chocolate,chocolate
icing,icing
chocolate,icing
icing,chocolate
icing,icing
chocolate,icing
chocolate,icing
chocolate,chocolate
chocolate,chocolate
chocolate,icing
icing,chocolate
chocolate,icing
icing,icing
chocolate,chocolate
chocolate,icing
icing,chocolate
chocolate,icing
icing,icing
chocolate,chocolate
chocolate,icing
icing,icing
chocolate,chocolate
icing,chocolate
icing,icing
chocolate,chocolate
icing,icing
chocolate,chocolate
chocolate,chocolate
icing,icing
icing,icing
chocolate,chocolate
icing,chocolate
chocolate,icing
chocolate,icing
icing,chocolate
icing,icing
icing,icing
chocolate,chocolate
chocolate,chocolate
icing,chocolate
icing,icing
chocolate,chocolate
chocolate,chocolate
icing,chocolate
chocolate,chocolate
icing,chocolate
chocolate,icing
chocolate,icing
chocolate,chocolate
chocolate,chocolate
chocolate,chocolate
icing,chocolate
icing,chocolate
chocolate,icing
chocolate,icing
icing,icing
icing,icing
chocolate,chocolate
icing,chocolate
icing,icing
chocolate,chocolate
chocolate,chocolate
icing,chocolate
icing,icing
chocolate,icing
icing,icing
icing,chocolate
chocolate,chocolate
chocolate,chocolate
icing,chocolate
chocolate,chocolate
chocolate,icing
chocolate,chocolate
chocolate,chocolate
icing,icing
icing,icing
icing,chocolate
chocolate,icing
chocolate,chocolate
icing,icing
chocolate,icing
chocolate,chocolate
icing,chocolate
icing,chocolate
icing,chocolate
icing,icing
icing,icing
chocolate,chocolate
chocolate,chocolate
icing,icing
chocolate,chocolate
chocolate,icing
icing,icing
icing,icing
icing,chocolate
chocolate,chocolate
icing,icing
chocolate,chocolate
icing,icing
chocolate,chocolate
icing,chocolate
chocolate,chocolate
chocolate,chocolate
icing,chocolate
icing,icing
icing,icing
icing,icing
icing,chocolate
icing,icing
chocolate,chocolate
icing,icing
chocolate,chocolate
icing,icing
chocolate,icing
icing,icing
chocolate,chocolate
chocolate,chocolate
icing,icing
icing,icing
icing,icing
icing,icing
chocolate,chocolate
chocolate,chocolate
icing,icing
chocolate,chocolate
icing,chocolate
icing,icing
chocolate,icing
chocolate,icing
chocolate,icing
chocolate,chocolate
chocolate,chocolate
chocolate,icing
icing,chocolate
icing,icing
icing,icing
chocolate,chocolate
icing,chocolate
chocolate,chocolate
icing,icing
icing,icing
icing,chocolate
icing,icing
chocolate,icing
chocolate,chocolate
chocolate,icing
chocolate,icing
chocolate,chocolate
icing,chocolate
chocolate,chocolate
icing,icing
chocolate,chocolate
chocolate,chocolate
icing,icing
chocolate,icing
chocolate,chocolate
chocolate,chocolate
icing,icing
icing,chocolate
chocolate,chocolate
chocolate,icing
icing,icing
icing,icing
icing,icing
icing,icing
icing,icing
chocolate,chocolate
icing,icing
icing,icing
icing,chocolate
icing,chocolate
chocolate,chocolate
icing,chocolate
icing,icing
icing,icing
chocolate,chocolate
chocolate,icing
chocolate,chocolate
icing,chocolate
chocolate,icing
chocolate,chocolate
chocolate,chocolate
icing,icing
chocolate,icing
chocolate,chocolate
chocolate,icing
chocolate,icing
icing,icing
chocolate,chocolate
icing,chocolate
chocolate,icing
chocolate,chocolate
chocolate,chocolate
icing,chocolate
icing,icing
icing,icing
chocolate,chocolate
chocolate,chocolate
chocolate,chocolate
chocolate,chocolate
icing,icing
chocolate,icing
chocolate,icing
icing,icing
chocolate,chocolate
chocolate,chocolate
icing,icing
chocolate,chocolate
icing,icing
chocolate,chocolate
icing,chocolate
icing,icing
chocolate,chocolate
icing,icing
chocolate,icing
chocolate,chocolate
chocolate,chocolate
chocolate,chocolate
icing,icing
icing,chocolate
chocolate,chocolate
chocolate,chocolate
icing,icing
chocolate,chocolate
chocolate,chocolate
icing,icing
icing,chocolate
icing,icing
icing,chocolate
icing,icing
icing,icing
chocolate,icing
icing,chocolate
icing,chocolate
chocolate,chocolate
chocolate,chocolate
icing,icing
chocolate,chocolate
chocolate,chocolate
icing,icing
icing,icing
icing,chocolate
chocolate,chocolate
icing,icing
icing,icing
chocolate,chocolate
chocolate,chocolate
chocolate,chocolate
chocolate,chocolate
chocolate,chocolate
chocolate,icing
icing,icing
icing,icing
chocolate,icing
chocolate,chocolate
icing,chocolate
chocolate,chocolate
icing,icing
icing,chocolate
icing,chocolate
icing,chocolate
icing,chocolate
chocolate,chocolate
icing,icing
icing,chocolate
chocolate,chocolate
chocolate,chocolate
chocolate,chocolate
chocolate,chocolate
icing,icing
chocolate,chocolate
chocolate,chocolate
icing,icing
chocolate,chocolate
icing,chocolate
chocolate,chocolate
chocolate,icing
chocolate,chocolate
chocolate,chocolate
icing,chocolate
chocolate,chocolate
chocolate,icing
icing,icing
chocolate,chocolate
chocolate,chocolate
chocolate,chocolate
chocolate,chocolate
icing,icing
icing,icing
icing,icing
chocolate,chocolate
icing,icing
icing,chocolate
icing,chocolate
icing,icing
icing,icing
chocolate,icing
chocolate,icing
chocolate,icing
icing,icing
chocolate,icing
icing,chocolate
icing,icing
icing,icing
icing,chocolate
icing,icing
icing,chocolate
icing,icing
chocolate,chocolate
chocolate,chocolate
icing,chocolate
icing,chocolate
icing,icing
chocolate,icing
chocolate,chocolate
chocolate,icing
chocolate,chocolate
icing,icing
icing,chocolate
icing,icing
icing,icing
icing,icing
icing,chocolate
chocolate,chocolate
chocolate,icing
chocolate,chocolate
chocolate,icing
icing,icing
chocolate,chocolate
chocolate,icing
chocolate,icing
chocolate,chocolate
icing,chocolate
icing,chocolate
icing,icing
chocolate,icing
chocolate,chocolate
icing,icing
icing,icing
icing,icing
chocolate,chocolate
icing,icing
chocolate,icing
chocolate,chocolate
icing,icing
chocolate,icing
icing,chocolate
icing,chocolate
icing,icing
chocolate,icing
chocolate,icing
chocolate,chocolate
icing,icing
icing,icing
icing,icing
icing,icing
icing,icing
chocolate,chocolate
chocolate,chocolate
chocolate,chocolate
chocolate,icing
icing,icing
icing,chocolate
icing,icing
chocolate,chocolate
icing,chocolate
icing,chocolate
chocolate,icing
icing,icing
chocolate,icing
icing,icing
chocolate,chocolate
chocolate,chocolate
chocolate,chocolate
icing,chocolate
chocolate,icing
chocolate,chocolate
chocolate,chocolate
chocolate,icing
chocolate,chocolate
icing,icing
chocolate,chocolate
icing,chocolate
icing,chocolate
icing,chocolate
icing,icing
icing,chocolate
icing,chocolate
chocolate,chocolate
icing,chocolate
chocolate,icing
chocolate,chocolate
chocolate,chocolate
icing,icing
icing,icing
chocolate,chocolate
chocolate,icing
chocolate,chocolate
chocolate,chocolate
chocolate,chocolate
chocolate,chocolate
chocolate,icing
icing,icing
icing,chocolate
icing,chocolate
chocolate,chocolate
icing,icing
chocolate,icing
chocolate,chocolate
icing,icing
chocolate,chocolate
chocolate,icing
icing,icing
chocolate,chocolate
icing,icing
icing,icing
icing,icing
chocolate,chocolate
icing,icing
icing,chocolate
icing,icing
chocolate,chocolate
icing,chocolate
icing,chocolate
chocolate,chocolate
chocolate,chocolate
chocolate,chocolate
chocolate,chocolate
chocolate,chocolate
icing,chocolate
chocolate,chocolate
icing,icing
icing,icing
chocolate,icing
chocolate,chocolate
chocolate,chocolate
chocolate,icing
icing,icing
icing,icing
chocolate,icing
chocolate,chocolate
icing,icing
chocolate,icing
chocolate,icing
chocolate,chocolate
icing,chocolate
icing,icing
chocolate,chocolate
icing,chocolate
icing,chocolate
icing,chocolate
icing,icing
icing,icing
chocolate,chocolate
icing,icing
icing,chocolate
icing,icing
icing,chocolate
chocolate,chocolate
icing,icing
icing,icing
chocolate,chocolate
icing,icing
icing,icing
chocolate,chocolate
icing,chocolate
chocolate,icing
chocolate,chocolate
icing,icing
icing,icing
chocolate,chocolate
chocolate,chocolate
icing,icing
chocolate,chocolate
chocolate,chocolate
icing,chocolate
icing,icing
chocolate,icing
icing,chocolate
chocolate,chocolate
icing,chocolate
chocolate,icing
icing,icing
chocolate,chocolate
icing,icing
icing,chocolate
icing,icing
icing,icing
icing,icing
chocolate,chocolate
chocolate,icing
chocolate,icing
chocolate,icing
chocolate,chocolate
chocolate,icing
icing,icing
chocolate,icing
icing,icing
icing,icing
icing,chocolate
chocolate,chocolate
icing,icing
icing,chocolate
icing,icing
chocolate,icing
icing,icing
chocolate,chocolate
icing,icing
chocolate,chocolate
icing,icing
icing,chocolate
chocolate,icing
icing,icing
chocolate,icing
icing,icing
icing,icing
icing,icing
chocolate,chocolate
icing,icing
icing,icing
icing,chocolate
chocolate,icing
icing,icing
icing,icing
chocolate,icing
icing,chocolate
icing,chocolate
icing,icing
chocolate,chocolate
icing,chocolate
chocolate,icing
chocolate,chocolate
icing,icing
icing,chocolate
chocolate,icing
icing,chocolate
icing,chocolate
chocolate,icing
icing,chocolate
chocolate,chocolate
icing,icing
chocolate,chocolate
icing,chocolate
icing,icing
chocolate,icing
icing,chocolate
icing,chocolate
icing,icing
icing,chocolate
icing,chocolate
icing,chocolate
icing,icing
icing,icing
chocolate,icing
icing,chocolate
chocolate,chocolate
icing,icing
icing,icing
chocolate,chocolate
chocolate,chocolate
icing,icing
chocolate,chocolate
chocolate,chocolate
icing,icing
chocolate,icing
chocolate,icing
chocolate,chocolate
chocolate,icing
icing,chocolate
chocolate,icing
icing,icing
icing,icing
icing,chocolate
icing,chocolate
icing,icing
icing,chocolate
icing,icing
chocolate,icing
chocolate,icing
chocolate,chocolate
chocolate,chocolate
icing,icing
chocolate,icing
chocolate,chocolate
icing,chocolate
icing,icing
chocolate,icing
icing,chocolate
chocolate,icing
icing,icing
icing,chocolate
chocolate,chocolate
icing,icing
icing,icing
icing,icing
icing,chocolate
chocolate,chocolate
icing,icing
chocolate,icing
icing,icing
chocolate,icing
icing,icing
icing,icing
icing,chocolate
icing,icing
chocolate,chocolate
icing,icing
icing,icing
icing,chocolate
icing,icing
icing,icing
chocolate,chocolate
icing,icing
icing,chocolate
icing,icing
chocolate,chocolate
icing,icing
chocolate,chocolate
chocolate,chocolate
icing,icing
icing,icing
icing,chocolate
icing,icing
chocolate,icing
icing,icing
icing,icing
icing,icing
icing,icing
chocolate,icing
chocolate,chocolate
chocolate,chocolate
icing,chocolate
icing,icing
chocolate,chocolate
icing,chocolate
chocolate,icing
icing,icing
chocolate,icing
chocolate,icing
icing,icing
chocolate,chocolate
icing,icing
icing,chocolate
chocolate,icing
chocolate,chocolate
chocolate,chocolate
icing,icing
icing,icing
icing,icing
icing,icing
chocolate,chocolate
chocolate,chocolate
chocolate,chocolate
icing,icing
chocolate,icing
chocolate,chocolate
icing,icing
icing,icing
icing,chocolate
icing,chocolate
icing,icing
icing,icing
chocolate,icing
icing,icing
icing,icing
chocolate,chocolate
icing,icing
icing,icing
chocolate,chocolate
chocolate,chocolate
chocolate,icing
icing,icing
chocolate,chocolate
chocolate,chocolate
icing,icing
chocolate,icing
icing,icing
icing,icing
chocolate,chocolate
chocolate,chocolate
icing,chocolate
chocolate,chocolate
icing,icing
chocolate,chocolate
icing,icing
chocolate,icing
chocolate,chocolate
chocolate,icing
chocolate,icing
chocolate,chocolate
chocolate,chocolate
chocolate,icing
chocolate,chocolate
icing,chocolate
icing,chocolate
icing,icing
icing,icing
chocolate,icing
chocolate,icing
chocolate,icing
chocolate,chocolate
icing,icing
chocolate,chocolate
chocolate,icing
icing,icing
icing,icing
icing,chocolate
chocolate,icing
icing,chocolate
chocolate,chocolate
chocolate,icing
chocolate,icing
icing,icing
chocolate,chocolate
chocolate,chocolate
chocolate,chocolate
chocolate,chocolate
icing,icing
chocolate,chocolate
chocolate,icing
icing,icing
icing,icing
chocolate,icing
chocolate,chocolate
icing,icing
icing,icing
icing,chocolate
icing,chocolate
chocolate,chocolate
icing,icing
chocolate,chocolate
chocolate,icing
icing,icing
chocolate,icing
chocolate,icing
icing,icing
chocolate,icing
chocolate,icing
icing,chocolate
icing,chocolate
chocolate,chocolate
chocolate,icing
chocolate,chocolate
icing,chocolate
chocolate,icing
icing,icing
chocolate,icing
icing,icing
icing,icing
icing,chocolate
chocolate,icing
chocolate,chocolate
chocolate,icing
icing,chocolate
chocolate,chocolate
chocolate,chocolate
chocolate,icing
chocolate,chocolate
icing,chocolate
chocolate,icing
chocolate,icing
icing,icing
icing,icing
icing,chocolate
chocolate,icing
chocolate,icing
chocolate,icing
icing,icing
icing,icing
chocolate,chocolate
chocolate,chocolate
chocolate,chocolate
icing,icing
chocolate,chocolate
icing,icing
icing,icing
icing,icing
icing,icing
icing,icing
chocolate,chocolate
icing,icing
icing,icing
icing,chocolate
chocolate,chocolate
icing,icing
icing,icing
icing,icing
icing,icing
icing,icing
icing,icing
chocolate,icing
chocolate,chocolate
chocolate,chocolate
chocolate,icing
chocolate,chocolate
chocolate,icing
icing,chocolate
icing,icing
chocolate,chocolate
chocolate,icing
icing,icing
chocolate,chocolate
chocolate,chocolate
icing,chocolate
icing,icing
chocolate,icing
icing,chocolate
chocolate,icing
chocolate,chocolate
chocolate,chocolate
icing,icing
icing,icing
chocolate,icing
icing,icing
chocolate,icing
chocolate,chocolate
chocolate,chocolate
chocolate,chocolate
icing,icing
icing,chocolate
icing,icing
icing,icing
icing,icing
chocolate,chocolate
icing,icing
chocolate,chocolate
icing,icing
chocolate,icing
chocolate,icing
chocolate,chocolate
icing,chocolate
chocolate,icing
icing,icing
icing,icing
icing,chocolate
icing,icing
chocolate,icing
chocolate,icing
icing,chocolate
icing,chocolate
icing,icing
chocolate,icing
chocolate,chocolate
icing,icing
chocolate,chocolate
icing,icing
chocolate,chocolate
icing,icing
chocolate,chocolate
chocolate,icing
chocolate,chocolate
chocolate,chocolate
icing,icing
chocolate,chocolate
icing,chocolate
chocolate,chocolate
chocolate,chocolate
chocolate,chocolate
icing,chocolate
chocolate,icing
chocolate,icing
chocolate,chocolate
chocolate,icing
icing,icing
icing,chocolate
icing,chocolate
chocolate,chocolate
chocolate,chocolate
chocolate,chocolate
icing,icing
chocolate,icing
chocolate,chocolate
chocolate,chocolate
icing,icing
icing,chocolate
icing,chocolate
chocolate,icing
icing,icing
chocolate,chocolate
icing,icing
icing,icing
chocolate,icing
icing,icing
chocolate,chocolate
chocolate,chocolate
icing,icing
chocolate,chocolate
icing,icing
chocolate,chocolate
icing,icing
chocolate,chocolate
icing,icing
icing,chocolate
chocolate,chocolate
icing,icing
icing,chocolate
icing,icing
icing,icing
chocolate,chocolate
icing,chocolate
icing,chocolate
icing,icing
icing,chocolate
chocolate,chocolate
icing,icing
icing,icing
chocolate,chocolate
chocolate,chocolate
chocolate,chocolate
chocolate,chocolate
chocolate,chocolate
icing,chocolate
chocolate,icing
chocolate,chocolate
icing,icing
chocolate,icing
chocolate,chocolate
chocolate,chocolate
icing,icing
chocolate,chocolate
chocolate,icing
chocolate,icing
chocolate,icing
icing,icing
chocolate,chocolate
icing,icing
chocolate,chocolate
icing,icing
icing,icing
icing,icing
chocolate,chocolate
icing,icing
icing,icing
icing,icing
icing,icing
icing,icing
chocolate,chocolate
chocolate,chocolate
chocolate,icing
icing,chocolate
icing,icing
icing,icing
chocolate,chocolate
chocolate,chocolate
chocolate,chocolate
chocolate,chocolate
chocolate,chocolate
chocolate,chocolate
icing,chocolate
icing,chocolate
chocolate,chocolate
icing,icing
chocolate,chocolate
chocolate,chocolate
chocolate,chocolate
chocolate,chocolate
chocolate,chocolate
chocolate,icing
icing,icing
icing,icing
icing,chocolate
chocolate,chocolate
chocolate,icing
icing,icing
chocolate,chocolate
icing,chocolate
icing,chocolate
icing,icing
chocolate,chocolate
chocolate,chocolate
icing,icing
chocolate,chocolate
icing,chocolate
chocolate,chocolate
chocolate,icing
icing,icing
chocolate,chocolate
icing,chocolate
chocolate,chocolate
chocolate,chocolate
icing,icing
chocolate,icing
icing,icing
chocolate,chocolate
chocolate,chocolate
chocolate,chocolate
chocolate,chocolate
icing,chocolate
icing,chocolate
chocolate,icing
chocolate,chocolate
chocolate,icing
chocolate,chocolate
chocolate,chocolate
icing,chocolate
icing,icing
chocolate,chocolate
icing,icing
icing,chocolate
icing,icing
chocolate,chocolate
icing,icing
icing,icing
chocolate,icing
chocolate,icing
chocolate,chocolate
icing,icing
chocolate,chocolate
icing,icing
chocolate,chocolate
chocolate,chocolate
icing,icing
chocolate,icing
icing,icing
chocolate,chocolate
icing,icing
icing,chocolate
chocolate,chocolate
icing,chocolate
icing,icing
icing,icing
chocolate,icing
chocolate,icing
icing,chocolate
chocolate,icing
chocolate,chocolate
chocolate,icing
chocolate,chocolate
chocolate,icing
chocolate,chocolate
chocolate,chocolate
chocolate,icing
icing,icing
icing,icing
icing,chocolate
chocolate,chocolate
chocolate,chocolate
icing,icing
chocolate,icing
icing,chocolate
chocolate,icing
chocolate,chocolate
icing,chocolate
chocolate,chocolate
icing,chocolate
chocolate,chocolate
icing,icing
icing,chocolate
icing,chocolate
icing,icing
chocolate,chocolate
chocolate,chocolate
chocolate,chocolate
chocolate,chocolate
icing,icing
chocolate,chocolate
icing,icing
icing,icing
icing,icing
chocolate,icing
icing,icing
icing,chocolate
icing,chocolate
icing,icing
icing,chocolate
chocolate,chocolate
chocolate,chocolate
chocolate,chocolate
icing,chocolate
chocolate,icing
chocolate,chocolate
chocolate,icing
chocolate,chocolate
chocolate,icing
icing,chocolate
icing,icing
chocolate,icing
icing,chocolate
chocolate,icing
chocolate,icing
icing,chocolate
chocolate,chocolate
chocolate,chocolate
chocolate,icing
chocolate,chocolate
icing,icing
chocolate,chocolate
chocolate,icing
chocolate,chocolate
icing,icing
chocolate,chocolate
icing,chocolate
icing,icing
chocolate,icing
icing,icing
chocolate,chocolate
chocolate,chocolate
chocolate,icing
icing,icing
chocolate,chocolate
chocolate,chocolate
chocolate,chocolate
icing,icing
chocolate,icing
chocolate,chocolate
icing,icing
chocolate,icing
icing,icing
icing,icing
icing,chocolate
icing,chocolate
chocolate,chocolate
icing,chocolate
icing,icing
chocolate,chocolate
chocolate,chocolate
chocolate,chocolate
chocolate,chocolate
icing,chocolate
